{
  "timestamp": "2026-02-10T13:23:19.532406",
  "run_id": "20260210_132319",
  "dataset_stats": {
    "num_nodes": 206,
    "num_edges": 205,
    "num_features": 25,
    "density": 0.009708737864077669,
    "class_distribution": {
      "0": 2,
      "1": 20,
      "2": 184
    }
  },
  "models": {
    "Full-batch GAT (CE)": {
      "test_macro_f1": 0.2972972972972973,
      "test_balanced_acc": 0.3333333333333333,
      "test_mae": 0.21951219512195122,
      "test_f1_weighted": 0.7178642056690837
    },
    "DepthAwareGATv2": {
      "test_macro_f1": 0.09722222222222222,
      "test_balanced_acc": 0.3333333333333333,
      "test_mae": 0.8292682926829268,
      "test_f1_weighted": 0.04979674796747968
    },
    "Focal Loss": {
      "test_macro_f1": 0.6417910447761194,
      "test_balanced_acc": 0.7893217893217894,
      "test_mae": 0.1951219512195122,
      "test_f1_weighted": 0.8570076447033126
    },
    "MLP": {
      "test_macro_f1": 0.2972972972972973,
      "test_balanced_acc": 0.3333333333333333,
      "test_mae": 0.21951219512195122,
      "test_f1_weighted": 0.7178642056690837
    },
    "GraphSAGE": {
      "test_macro_f1": 0.6616915422885572,
      "test_balanced_acc": 0.6666666666666666,
      "test_mae": 0.04878048780487805,
      "test_f1_weighted": 0.9635966508918821
    },
    "Regression": {
      "test_macro_f1": 0.015873015873015872,
      "test_balanced_acc": 0.3333333333333333,
      "test_mae": 1.7804877758026123,
      "test_f1_weighted": 0.0011614401858304297
    },
    "CORAL": {
      "test_macro_f1": 0.2972972972972973,
      "test_balanced_acc": 0.3333333333333333,
      "test_mae": 0.21951219512195122,
      "test_f1_weighted": 0.7178642056690837
    },
    "Full-batch GAT (EMD)": {
      "test_macro_f1": 0.2972972972972973,
      "test_balanced_acc": 0.3333333333333333,
      "test_mae": 0.21951219512195122,
      "test_f1_weighted": 0.7178642056690837
    }
  },
  "best_model": {
    "name": "GraphSAGE",
    "mae": 0.04878048780487805
  },
  "predictor_comparison": {
    "accuracy": 0.8932038834951457,
    "mae": 0.11650485436893204,
    "class_accuracies": {
      "0": 0.0,
      "1": 0.0,
      "2": 1.0
    }
  }
}