{
  "timestamp": "2026-02-10T13:56:33.081618",
  "run_id": "20260210_135633",
  "dataset_stats": {
    "num_nodes": 206,
    "num_edges": 205,
    "num_features": 25,
    "density": 0.009708737864077669,
    "class_distribution": {
      "0": 2,
      "1": 20,
      "2": 184
    }
  },
  "models": {
    "Full-batch GAT (CE)": {
      "test_macro_f1": 0.2972972972972973,
      "test_balanced_acc": 0.3333333333333333,
      "test_mae": 0.21951219512195122,
      "test_f1_weighted": 0.7178642056690837
    },
    "DepthAwareGATv2": {
      "test_macro_f1": 0.09722222222222222,
      "test_balanced_acc": 0.3333333333333333,
      "test_mae": 0.8292682926829268,
      "test_f1_weighted": 0.04979674796747968
    },
    "Focal Loss": {
      "test_macro_f1": 0.6060250391236307,
      "test_balanced_acc": 0.7041847041847041,
      "test_mae": 0.1951219512195122,
      "test_f1_weighted": 0.7844669643879537
    },
    "MLP": {
      "test_macro_f1": 0.3577464788732394,
      "test_balanced_acc": 0.36075036075036077,
      "test_mae": 0.24390243902439024,
      "test_f1_weighted": 0.736997595328066
    },
    "GraphSAGE": {
      "test_macro_f1": 0.2972972972972973,
      "test_balanced_acc": 0.3333333333333333,
      "test_mae": 0.21951219512195122,
      "test_f1_weighted": 0.7178642056690837
    },
    "Regression": {
      "test_macro_f1": 0.2972972972972973,
      "test_balanced_acc": 0.3333333333333333,
      "test_mae": 3.2195122241973877,
      "test_f1_weighted": 0.7178642056690837
    },
    "CORAL": {
      "test_macro_f1": 0.2972972972972973,
      "test_balanced_acc": 0.3333333333333333,
      "test_mae": 0.21951219512195122,
      "test_f1_weighted": 0.7178642056690837
    },
    "Full-batch GAT (EMD)": {
      "test_macro_f1": 0.2972972972972973,
      "test_balanced_acc": 0.3333333333333333,
      "test_mae": 0.21951219512195122,
      "test_f1_weighted": 0.7178642056690837
    }
  },
  "best_model": {
    "name": "Focal Loss",
    "mae": 0.1951219512195122
  },
  "predictor_comparison": {
    "accuracy": 0.8932038834951457,
    "mae": 0.11650485436893204,
    "class_accuracies": {
      "0": 0.0,
      "1": 0.0,
      "2": 1.0
    }
  }
}