{
  "timestamp": "2026-02-09T14:04:01.126477",
  "run_id": "20260209_140401",
  "dataset_stats": {
    "num_nodes": 8376,
    "num_edges": 8375,
    "num_features": 25,
    "density": 0.0002387774594078319,
    "class_distribution": {
      "0": 1,
      "1": 6021,
      "2": 1793,
      "3": 383,
      "4": 89,
      "5": 89
    }
  },
  "models": {
    "Full-batch GAT (CE)": {
      "test_macro_f1": 0.18975019237501473,
      "test_balanced_acc": 0.20841933984193398,
      "test_mae": 0.40059701492537314,
      "test_f1_weighted": 0.6161619204602531
    },
    "DepthAwareGATv2": {
      "test_macro_f1": 0.07076167076167075,
      "test_balanced_acc": 0.2,
      "test_mae": 0.8244776119402986,
      "test_f1_weighted": 0.07604239246030291
    },
    "Focal Loss": {
      "test_macro_f1": 0.22160096944004778,
      "test_balanced_acc": 0.26641500206353763,
      "test_mae": 0.5259701492537313,
      "test_f1_weighted": 0.6222380870227572
    },
    "MLP": {
      "test_macro_f1": 0.16655052264808362,
      "test_balanced_acc": 0.2,
      "test_mae": 0.39761194029850744,
      "test_f1_weighted": 0.594113058401373
    },
    "GraphSAGE": {
      "test_macro_f1": 0.07076167076167075,
      "test_balanced_acc": 0.2,
      "test_mae": 0.8244776119402986,
      "test_f1_weighted": 0.07604239246030291
    },
    "Regression": {
      "test_macro_f1": 0.0,
      "test_balanced_acc": 0.0,
      "test_mae": 1.3976119756698608,
      "test_f1_weighted": 0.0
    },
    "CORAL": {
      "test_macro_f1": 0.1524003377278972,
      "test_balanced_acc": 0.18404463040446303,
      "test_mae": 0.5994029850746269,
      "test_f1_weighted": 0.534345401361001
    },
    "Full-batch GAT (EMD)": {
      "test_macro_f1": 0.08029471684893198,
      "test_balanced_acc": 0.20340771734077173,
      "test_mae": 0.8113432835820895,
      "test_f1_weighted": 0.10822606363417688
    }
  },
  "best_model": {
    "name": "MLP",
    "mae": 0.39761194029850744
  },
  "predictor_comparison": {
    "accuracy": 0.7150191021967526,
    "mae": 0.38073065902578795,
    "class_accuracies": {
      "0": 0.0,
      "1": 0.9729280850357084,
      "2": 0.07306190741773563,
      "3": 0.0,
      "4": 0.0,
      "5": 0.0
    }
  }
}